{"noiseKey":{"private":{"type":"Buffer","data":"OJK0ZZKvlEQsNVnzOmoCxsKg2Smx2wcOM91+WjbZ+Vo="},"public":{"type":"Buffer","data":"48qLeuGAZ4oMB1paS4KHlbRqRZYXovrMvx+YXAc4UzY="}},"pairingEphemeralKeyPair":{"private":{"type":"Buffer","data":"oCcw+vAgTcURJm35ZVzOqv5g1+vJrvGR6KGG9XMa5E0="},"public":{"type":"Buffer","data":"OzWybjET76dIkc5CUd/lOPX/w0CYhZndT4s6rkmc9hU="}},"signedIdentityKey":{"private":{"type":"Buffer","data":"EIByKHZs7yXtCOf6hrapvwVmrfT0cDyUqFkYqM40gnA="},"public":{"type":"Buffer","data":"ZeqOgRFTVTq0R9Du6FRpU4ybHCLuI6qn6i4h/wjvaBM="}},"signedPreKey":{"keyPair":{"private":{"type":"Buffer","data":"iCXJnHOjLaANk6gU/ZWjlVF0weU2frs12UmNaL+Dtms="},"public":{"type":"Buffer","data":"Qc+/AdkY83hr9mTnhXdDiPEjvS3JIrVwFZ5eQd1pECw="}},"signature":{"type":"Buffer","data":"fzxwlHvVpHUPZq3XHEiVbIWqBRybe5qULvs9zJQfqOCgXAnfseYRr7opPbR+EOUZ0+h0WykYRPYRFFuos2m1iw=="},"keyId":1},"registrationId":67,"advSecretKey":"Llp6unQc0IuZ+z6VaNpsYfmVNDo5qR2GY1rEhCkJveQ=","processedHistoryMessages":[{"key":{"remoteJid":"6285723701289@s.whatsapp.net","fromMe":true,"id":"DB31A98173DE89291E75005EDE797D03"},"messageTimestamp":1713517716},{"key":{"remoteJid":"6285723701289@s.whatsapp.net","fromMe":true,"id":"1D02674DFE6FA74D364E9053A078A812"},"messageTimestamp":1713517717}],"nextPreKeyId":31,"firstUnuploadedPreKeyId":31,"accountSyncCounter":1,"accountSettings":{"unarchiveChats":false},"deviceId":"p7w7hoH0QLCJ3LgxtfAqmA","phoneId":"851e4ad5-cb7c-41c0-8772-418ca0e550fa","identityId":{"type":"Buffer","data":"s792ICqpV+jafH0S1sfHr7xUdc0="},"registered":true,"backupToken":{"type":"Buffer","data":"LMzxYT7p2+iHEjLTDyQg6d9hqf8="},"registration":{},"pairingCode":"RN95HY23","me":{"id":"6285723701289:6@s.whatsapp.net","name":"AI Is here","lid":"203139521228960:6@lid"},"account":{"details":"CKGYqycQhOmIsQYYAiAAKAA=","accountSignatureKey":"dCghPnNaWXesPhceWTzs/JHAj649daNM157zvCvwakI=","accountSignature":"vVqQnSCmrWPc/xoglJ3WLXtSbMYKE0XkFXJSzuZ+jQPGrLQPA6BQKe0hl9J4mHvhwEmgq+3tZVqxSphrgO/qCg==","deviceSignature":"I2/Qgww1Mc5FBVhzsvqCxD5zvdTKB1zDTQ9cOggf7QjaUh6fKtvi2HtYpg7Wrf1RXLVh5plScl8jI+CwPcw7hQ=="},"signalIdentities":[{"identifier":{"name":"6285723701289:6@s.whatsapp.net","deviceId":0},"identifierKey":{"type":"Buffer","data":"BXQoIT5zWll3rD4XHlk87PyRwI+uPXWjTNee87wr8GpC"}}],"platform":"smba","lastAccountSyncTimestamp":1713517713,"myAppStateKeyId":"AAAAAGa+"}